Workbook

Sheet Time Log
A1: Business Activity Time Tracker
A2: 2-Week Log — 8/10/2026 through 8/23/2026
A4: How to use: log one row per activity block. Date, Category, and Subcategory are dropdowns — click the cell and pick from the list. Duration is in minutes; Duration (hrs) fills in automatically. Row 7 is a filled-in example — overwrite or delete it. Yellow cells are where you type or choose a value.
A6: Date | B6: Category | C6: Subcategory | D6: Duration (min) | E6: Duration (hrs) | F6: Notes
A7: 46244 | B7: Marketing | C7: LinkedIn – Draft/Edit/Post (Marketing) | E7: =IF(D7="","",D7/60) | F7: EXAMPLE (duration left blank on purpose, so it's excluded from your totals) — Drafted Monday LinkedIn post, ~30 min.
A8: 46244 | B8: Marketing | C8: Email – Draft/Edit/Send Setup (Marketing) | D8: 45 | E8: =IF(D8="","",D8/60) -> 0.75 | F8: Marketing email work
A9: 46244 | B9: Business Development | C9: AI/OS Development (Business Development) | D9: 60 | E9: =IF(D9="","",D9/60) -> 1 | F9: Building/maintaining the Synnovatia AIOS Claude workspace
A10: 46244 | B10: Marketing | C10: Client Outreach (Marketing) | D10: 15 | E10: =IF(D10="","",D10/60) -> 0.25 | F10: Client outreach — reviewed and sent the Carrie re-engagement reply
A11: 46244 | B11: Marketing | C11: LinkedIn – Draft/Edit/Post (Marketing) | D11: 5 | E11: =IF(D11="","",D11/60) -> 0.083333333 | F11: Scheduled the 3 LinkedIn drafts (8/17-8/21 batch) via LinkedIn's own scheduler
E12: =IF(D12="","",D12/60)
E13: =IF(D13="","",D13/60)
E14: =IF(D14="","",D14/60)
E15: =IF(D15="","",D15/60)
E16: =IF(D16="","",D16/60)
E17: =IF(D17="","",D17/60)
E18: =IF(D18="","",D18/60)
E19: =IF(D19="","",D19/60)
E20: =IF(D20="","",D20/60)
E21: =IF(D21="","",D21/60)
E22: =IF(D22="","",D22/60)
E23: =IF(D23="","",D23/60)
... E107: =IF(D107="","",D107/60)

Sheet Summary
A1: Time Tracking Summary
A2: Formulas pull live from the Time Log tab — nothing here needs to be typed by hand.
A4: Project Start Date | B4: 46244
A5: Project End Date (14 days) | B5: =B4+13 -> 46257
A6: Today | B6: =TODAY() -> 46244
A7: Days Remaining | B7: =MAX(B5-B6,0) -> 13
A9: Hours by Category | E9: Hours by Day
A10: Category | B10: Total Hours | E10: Date | F10: Total Hours
A11: Marketing | B11: =SUMIFS('Time Log'!$E$7:$E$107,'Time Log'!$B$7:$B$107,A11) -> 1.0833333 | E11: =$B$4 -> 46244 | F11: =SUMIFS('Time Log'!$E$7:$E$107,'Time Log'!$A$7:$A$107,E11) -> 2.0833333
A12: Sales | B12: =SUMIFS('Time Log'!$E$7:$E$107,'Time Log'!$B$7:$B$107,A12) -> 0 | E12: =E11+1 -> 46245 | F12: =SUMIFS('Time Log'!$E$7:$E$107,'Time Log'!$A$7:$A$107,E12) -> 0
A13: Client Work | B13: =SUMIFS('Time Log'!$E$7:$E$107,'Time Log'!$B$7:$B$107,A13) -> 0 | E13: =E12+1 -> 46246 | F13: =SUMIFS('Time Log'!$E$7:$E$107,'Time Log'!$A$7:$A$107,E13) -> 0
A14: Bookkeeping | B14: =SUMIFS('Time Log'!$E$7:$E$107,'Time Log'!$B$7:$B$107,A14) -> 0 | E14: =E13+1 -> 46247 | F14: =SUMIFS('Time Log'!$E$7:$E$107,'Time Log'!$A$7:$A$107,E14) -> 0
A15: Mastermind Admin/Delivery | B15: =SUMIFS('Time Log'!$E$7:$E$107,'Time Log'!$B$7:$B$107,A15) -> 0 | E15: =E14+1 -> 46248 | F15: =SUMIFS('Time Log'!$E$7:$E$107,'Time Log'!$A$7:$A$107,E15) -> 0
A16: LinkedIn Outreach/Prospecting | B16: =SUMIFS('Time Log'!$E$7:$E$107,'Time Log'!$B$7:$B$107,A16) -> 0 | E16: =E15+1 -> 46249 | F16: =SUMIFS('Time Log'!$E$7:$E$107,'Time Log'!$A$7:$A$107,E16) -> 0
A17: Business Development | B17: =SUMIFS('Time Log'!$E$7:$E$107,'Time Log'!$B$7:$B$107,A17) -> 1 | E17: =E16+1 -> 46250 | F17: =SUMIFS('Time Log'!$E$7:$E$107,'Time Log'!$A$7:$A$107,E17) -> 0
A18: Total | B18: =SUM(B11:B17) -> 2.0833333 | E18: =E17+1 -> 46251 | F18: =SUMIFS('Time Log'!$E$7:$E$107,'Time Log'!$A$7:$A$107,E18) -> 0
E19: =E18+1 -> 46252 | F19: =SUMIFS('Time Log'!$E$7:$E$107,'Time Log'!$A$7:$A$107,E19) -> 0
A20: Hours by Subcategory | E20: =E19+1 -> 46253 | F20: =SUMIFS('Time Log'!$E$7:$E$107,'Time Log'!$A$7:$A$107,E20) -> 0
A21: Subcategory | B21: Parent Category | C21: Total Hours | E21: =E20+1 -> 46254 | F21: =SUMIFS('Time Log'!$E$7:$E$107,'Time Log'!$A$7:$A$107,E21) -> 0
A22: Email – Draft/Edit/Send Setup (Marketing) | B22: Marketing | C22: =SUMIFS('Time Log'!$E$7:$E$107,'Time Log'!$C$7:$C$107,A22) -> 0.75 | E22: =E21+1 -> 46255 | F22: =SUMIFS('Time Log'!$E$7:$E$107,'Time Log'!$A$7:$A$107,E22) -> 0
A23: Email – Reviewing Metrics (Marketing) | B23: Marketing | C23: =SUMIFS('Time Log'!$E$7:$E$107,'Time Log'!$C$7:$C$107,A23) -> 0 | E23: =E22+1 -> 46256 | F23: =SUMIFS('Time Log'!$E$7:$E$107,'Time Log'!$A$7:$A$107,E23) -> 0
A24: LinkedIn – Draft/Edit/Post (Marketing) | B24: Marketing | C24: =SUMIFS('Time Log'!$E$7:$E$107,'Time Log'!$C$7:$C$107,A24) -> 0.083333333 | E24: =E23+1 -> 46257 | F24: =SUMIFS('Time Log'!$E$7:$E$107,'Time Log'!$A$7:$A$107,E24) -> 0
A25: LinkedIn – Tracking Metrics (Marketing) | B25: Marketing | C25: =SUMIFS('Time Log'!$E$7:$E$107,'Time Log'!$C$7:$C$107,A25) -> 0
A26: Sales Meetings (Sales) | B26: Sales | C26: =SUMIFS('Time Log'!$E$7:$E$107,'Time Log'!$C$7:$C$107,A26) -> 0
A27: Proposals (Sales) | B27: Sales | C27: =SUMIFS('Time Log'!$E$7:$E$107,'Time Log'!$C$7:$C$107,A27) -> 0
A28: Follow-Up (Sales) | B28: Sales | C28: =SUMIFS('Time Log'!$E$7:$E$107,'Time Log'!$C$7:$C$107,A28) -> 0
A29: Client Work – Paid | B29: Client Work | C29: =SUMIFS('Time Log'!$E$7:$E$107,'Time Log'!$C$7:$C$107,A29) -> 0
A30: Client Work – Unpaid | B30: Client Work | C30: =SUMIFS('Time Log'!$E$7:$E$107,'Time Log'!$C$7:$C$107,A30) -> 0
A31: Reconciliation (Bookkeeping) | B31: Bookkeeping | C31: =SUMIFS('Time Log'!$E$7:$E$107,'Time Log'!$C$7:$C$107,A31) -> 0
A32: Bill Paying (Bookkeeping) | B32: Bookkeeping | C32: =SUMIFS('Time Log'!$E$7:$E$107,'Time Log'!$C$7:$C$107,A32) -> 0
A33: Invoicing (Bookkeeping) | B33: Bookkeeping | C33: =SUMIFS('Time Log'!$E$7:$E$107,'Time Log'!$C$7:$C$107,A33) -> 0
A34: Hot-Topics Email (Mastermind) | B34: Mastermind Admin/Delivery | C34: =SUMIFS('Time Log'!$E$7:$E$107,'Time Log'!$C$7:$C$107,A34) -> 0
A35: Agenda Day / Facilitation (Mastermind) | B35: Mastermind Admin/Delivery | C35: =SUMIFS('Time Log'!$E$7:$E$107,'Time Log'!$C$7:$C$107,A35) -> 0
A36: Prospecting/Connection Requests (LinkedIn Outreach) | B36: LinkedIn Outreach/Prospecting | C36: =SUMIFS('Time Log'!$E$7:$E$107,'Time Log'!$C$7:$C$107,A36) -> 0
... A39: Client Outreach (Marketing) | B39: Marketing | C39: =SUMIFS('Time Log'!$E$7:$E$107,'Time Log'!$C$7:$C$107,A39) -> 0.25

Sheet Categories
A1: Categories & Subcategories (reference)
A2: This sheet feeds the dropdowns on the Time Log tab. Edit these lists if your categories change.
A4: Category | B4: Subcategory | C4: Parent Category (for Subcategory)
A5: Marketing | B5: Email – Draft/Edit/Send Setup (Marketing) | C5: Marketing
A6: Sales | B6: Email – Reviewing Metrics (Marketing) | C6: Marketing
A7: Client Work | B7: LinkedIn – Draft/Edit/Post (Marketing) | C7: Marketing
A8: Bookkeeping | B8: LinkedIn – Tracking Metrics (Marketing) | C8: Marketing
A9: Mastermind Admin/Delivery | B9: Sales Meetings (Sales) | C9: Sales
A10: LinkedIn Outreach/Prospecting | B10: Proposals (Sales) | C10: Sales
A11: Business Development | B11: Follow-Up (Sales) | C11: Sales
B12: Client Work – Paid | C12: Client Work
B13: Client Work – Unpaid | C13: Client Work
B14: Reconciliation (Bookkeeping) | C14: Bookkeeping
B15: Bill Paying (Bookkeeping) | C15: Bookkeeping
B16: Invoicing (Bookkeeping) | C16: Bookkeeping
B17: Hot-Topics Email (Mastermind) | C17: Mastermind Admin/Delivery
B18: Agenda Day / Facilitation (Mastermind) | C18: Mastermind Admin/Delivery
B19: Prospecting/Connection Requests (LinkedIn Outreach) | C19: LinkedIn Outreach/Prospecting
B20: Follow-Up Messages (LinkedIn Outreach) | C20: LinkedIn Outreach/Prospecting
B21: AI/OS Development (Business Development) | C21: Business Development
B22: Client Outreach (Marketing) | C22: Marketing
